Precision,Precision_CI_Lower,Precision_CI_Upper,Recall,Recall_CI_Lower,Recall_CI_Upper,F1,F1_CI_Lower,F1_CI_Upper,Accuracy,Accuracy_CI_Lower,Accuracy_CI_Upper
0.9791136016301579,0.9723333074985664,0.9852192268872118,0.9682619647355164,0.9612317944377192,0.9758806066440527,0.9736575481256332,0.968472555380173,0.9786709986080689,0.9872141627735431,0.9847522744037374,0.9896729776247849
