Language,Precision,Precision_CI_Lower,Precision_CI_Upper,Recall,Recall_CI_Lower,Recall_CI_Upper,F1,F1_CI_Lower,F1_CI_Upper,Accuracy,Accuracy_CI_Lower,Accuracy_CI_Upper
java,0.9731051344743277,0.9551860308220707,0.9871827411167513,0.9851485148514851,0.9717618253486963,0.9951696627647715,0.9790897908979089,0.9683944374209861,0.9877149877149877,0.9897590361445783,0.9849397590361446,0.9939759036144579
python,0.9845758354755784,0.9715743864722658,0.9949880936755855,0.964735516372796,0.9461538461538461,0.9808717984801576,0.9745547073791349,0.9625915561760653,0.984655710110131,0.9879518072289156,0.9825301204819277,0.9927710843373494
csharp,0.9794871794871794,0.9643742296721485,0.9923278550550655,0.9720101781170484,0.9564138202590564,0.9871803069053708,0.9757343550446999,0.9647050831202046,0.9852583964029747,0.9885542168674699,0.983132530120482,0.9927861445783133
javascript,0.9830508474576272,0.96906970450016,0.995038137613221,0.9712918660287081,0.9524831531658009,0.9856459330143541,0.9771359807460891,0.9652692381985408,0.9863391807957025,0.9885542168674699,0.9825301204819277,0.9933734939759036
typescript,0.9776674937965261,0.9617154155545442,0.9901972740315639,0.9516908212560387,0.9290907194753125,0.9713620866007501,0.9645042839657283,0.9514052671597429,0.976456009913259,0.9825301204819277,0.9765060240963855,0.9885542168674699
