Language,Precision,Precision_CI_Lower,Precision_CI_Upper,Recall,Recall_CI_Lower,Recall_CI_Upper,F1,F1_CI_Lower,F1_CI_Upper,Accuracy,Accuracy_CI_Lower,Accuracy_CI_Upper
java,0.9731051344743277,0.9569588379928968,0.9879263083255507,0.9851485148514851,0.9734251031418597,0.9957202170420372,0.9790897908979089,0.969067029566959,0.9890397471452956,0.9897590361445783,0.9849397590361446,0.994578313253012
python,0.9845758354755784,0.9717133154591359,0.9949373465548577,0.964735516372796,0.9451017608479131,0.983739837398374,0.9745547073791349,0.9634296281487404,0.9859181774254165,0.9879518072289156,0.9825301204819277,0.9933734939759036
csharp,0.9794871794871794,0.9648624844356551,0.9921062965004133,0.9720101781170484,0.9543262768817204,0.9873753235876351,0.9757343550446999,0.9641011984021305,0.9858820306942594,0.9885542168674699,0.983132530120482,0.9933734939759036
javascript,0.9830508474576272,0.9701807694067583,0.9950378335324571,0.9712918660287081,0.9547839016401767,0.9853300733496333,0.9771359807460891,0.967111915168016,0.9860188087774295,0.9885542168674699,0.9837349397590361,0.9927710843373494
typescript,0.9776674937965261,0.960781904899552,0.9904767560230744,0.9516908212560387,0.9294626033836451,0.9695434444061389,0.9645042839657283,0.951474358974359,0.9764705882352941,0.9825301204819277,0.9759036144578314,0.9879518072289156
