Precision,Precision_CI_Lower,Precision_CI_Upper,Recall,Recall_CI_Lower,Recall_CI_Upper,F1,F1_CI_Lower,F1_CI_Upper,Accuracy,Accuracy_CI_Lower,Accuracy_CI_Upper
0.9795409181636726,0.9734896711783434,0.9856008774057178,0.9689042448173741,0.9604226377682995,0.9763797144881149,0.9741935483870968,0.9687071749787293,0.9790858572985099,0.9874698795180723,0.9849367469879519,0.9898795180722891
