Precision,Precision_CI_Lower,Precision_CI_Upper,Recall,Recall_CI_Lower,Recall_CI_Upper,F1,F1_CI_Lower,F1_CI_Upper,Accuracy,Accuracy_CI_Lower,Accuracy_CI_Upper
0.9795409181636726,0.9729310146668446,0.9854496185044449,0.9689042448173741,0.9610833857059676,0.9762261246096131,0.9741935483870968,0.9689959676188733,0.9787340886002122,0.9874698795180723,0.9849367469879519,0.9896385542168674
