Precision,Precision_CI_Lower,Precision_CI_Upper,Recall,F1,Recall_CI_Lower,Recall_CI_Upper,F1_CI_Lower,F1_CI_Upper
0.8260869565217391,0.7323943661971831,0.9090909090909091,0.14357682619647355,0.2446351931330472,0.11049167308432808,0.17690800639678445,0.19426070227468772,0.29352866724079435
