Precision,Precision_CI_Lower,Precision_CI_Upper,Recall,F1,Recall_CI_Lower,Recall_CI_Upper,F1_CI_Lower,F1_CI_Upper
0.8260869565217391,0.7284730848861284,0.9130622188905546,0.14357682619647355,0.2446351931330472,0.11025119617224881,0.1784843470653125,0.19381871691407843,0.29455768680217576
