Precision,Precision_CI_Lower,Precision_CI_Upper,Recall,F1,Recall_CI_Lower,Recall_CI_Upper,F1_CI_Lower,F1_CI_Upper
0.8260869565217391,0.7368172790466733,0.9137931034482759,0.14357682619647355,0.2446351931330472,0.11164419739423513,0.17837871791389381,0.19650186192300478,0.2958763681208571
