Precision,Precision_CI_Lower,Precision_CI_Upper,Recall,F1,Recall_CI_Lower,Recall_CI_Upper,F1_CI_Lower,F1_CI_Upper
0.735357917570499,0.6969662690250926,0.7744741990706774,0.8391089108910891,0.7838150289017342,0.8024984756097561,0.8753520045842458,0.7533029401639996,0.8118299561896675
