Precision,Precision_CI_Lower,Precision_CI_Upper,Recall,F1,Recall_CI_Lower,Recall_CI_Upper,F1_CI_Lower,F1_CI_Upper
0.7388392857142857,0.6964969037042614,0.7795492587865698,0.8193069306930693,0.7769953051643192,0.783068783068783,0.8578756467200312,0.7454073306280875,0.8083818815331011
