Precision,Precision_CI_Lower,Precision_CI_Upper,Recall,F1,Recall_CI_Lower,Recall_CI_Upper,F1_CI_Lower,F1_CI_Upper
0.7388392857142857,0.6991505806654112,0.7782805429864253,0.8193069306930693,0.7769953051643192,0.7789203084832905,0.8542749547258968,0.7458372434303409,0.8083152947992693
