TestSmell,Precision,Precision_CI_Lower,Precision_CI_Upper,Recall,Recall_CI_Lower,Recall_CI_Upper,F1,F1_CI_Lower,F1_CI_Upper
AssertionRoulette,0.9444444444444444,0.8727176015473888,1.0,0.6986301369863014,0.5882352941176471,0.8033186725309875,0.8031496062992126,0.7187424150485437,0.874192880794702
ConditionalTestLogic,1.0,1.0,1.0,0.9772727272727273,0.9189051296194154,1.0,0.9885057471264368,0.9577389871141744,1.0
DuplicateAssert,0.32894736842105265,0.22855334538878844,0.43422482837528603,0.8333333333333334,0.6873579545454547,0.9600384615384615,0.4716981132075472,0.3505025773195876,0.5794392523364486
EmptyTest,0.9565217391304348,0.8634740259740261,1.0,1.0,1.0,1.0,0.9777777777777777,0.9267354596622891,1.0
IgnoredTest,1.0,1.0,1.0,1.0,1.0,1.0,1.0,1.0,1.0
MagicNumberTest,0.8536585365853658,0.7435714285714287,0.94875,0.7446808510638298,0.6169803600654665,0.8666666666666667,0.7954545454545454,0.6913359788359789,0.8775510204081632
RedundantPrint,1.0,1.0,1.0,0.9714285714285714,0.90625,1.0,0.9855072463768116,0.9508196721311475,1.0
SleepyTest,1.0,1.0,1.0,1.0,1.0,1.0,1.0,1.0,1.0
UnknownTest,0.975609756097561,0.9142546583850931,1.0,0.8333333333333334,0.723404255319149,0.9245400943396227,0.898876404494382,0.8247422680412371,0.9534883720930233
