Precision,Precision_CI_Lower,Precision_CI_Upper,Recall,F1,Recall_CI_Lower,Recall_CI_Upper,F1_CI_Lower,F1_CI_Upper
0.8301369863013699,0.7902756778906614,0.8675715000715001,0.8607954545454546,0.8451882845188284,0.8242375366568915,0.8957232432025307,0.8159323148522866,0.8727297067056102
