Precision,Precision_CI_Lower,Precision_CI_Upper,Recall,F1,Recall_CI_Lower,Recall_CI_Upper,F1_CI_Lower,F1_CI_Upper
0.8301369863013699,0.7920138888888889,0.8695679415931132,0.8607954545454546,0.8451882845188284,0.8255891903997611,0.8951901534929364,0.8162058683553648,0.8753358260628722
