Precision,Precision_CI_Lower,Precision_CI_Upper,Recall,F1,Recall_CI_Lower,Recall_CI_Upper,F1_CI_Lower,F1_CI_Upper
0.8301369863013699,0.7890410958904109,0.8668596678922307,0.8607954545454546,0.8451882845188284,0.8259666471096334,0.8938208808034671,0.8135056453176285,0.8715087498612601
